tweets,app
@AztecaNoticias @laucasillas Qu√© onda con este tipo!!! Y as√≠ quieren que quiten a @Uber_MEX y @Cabify_Mexico?! Primero aprendan a tratar a la gente con #respeto!!!
@Cabify_Mexico te cancelo un viaje por qu√© el sujeto ya est√° al doble de distancia de cuando me lo asignaron, y me lo vuelves a asignar ...
Amigos, no usen @Cabify_Mexico en combinaci√≥n con @EasyTaxiMexico son una mamada, su app presenta muchos problemas y no dan soporte ni ayuda. 

Mejor usemos @Uber_MEX o @DiDi_Mexico alv.
@Cabify_Mexico @EasyTaxiMexico Son una mamada ustedes... me voy con @Uber_MEX o @DiDi_Mexico. 

A ver si se dignan a contestarme, ogts.
Pero @Uber_MEX , @Cabify_Mexico y @DiDi_Mexico  hacen competencia desleal a los taxistas... No s√© si re√≠r o llorar o cuestionarme la existencia de la humanidad https://t.co/lChmJqGCN2
@blossomdiaz @Cabify_Mexico @Cabify_Mexico tsd deja mucho que desear del servicio
Cabe se√±alar que este tipo de personas se encuentran registrados en diversas plataformas digitales de transporte como @Cabify_Mexico @DiDi_Mexico Beat, entre otras.
@Cabify_Mexico buena tarde. Quer√≠a reportar a un conductor, ped√≠ el coche y en la app me mostraba que segu√≠a en el mismo lugar por mas de 5 minutos. Le llame al conductor y le pregunte que que pasaba y me colgo. No es la primera vez que pasa. P√©simo servicio
La #CDMX est√° entre las 10 ciudades con + tr√°fico del mundo. Hablamos con los mexicanos sobre su uso de apps de transporte

@yamilnares cuenta el resultado en @Pajaropolitico https://t.co/7o8gVzzB1r #Plumaje

Esto les interesa @Uber_MEX @Cabify_Mexico @EasyTaxiMexico @DiDi_Mexico https://t.co/gE5OfwtaRy
No s√© si sea @Uber_MEX @DiDi_Mexico o @Cabify_Mexico  pero el conductor con placas  NB4468 se pas√≥ un alto en reforma y encima nos reclam√≥ por cruzar EN LAS CEBRAS CON EL VERDE PARA EL PEAT√ìN ¬øqu√© les hace pensar que el simple hecho de traer auto les da derecho amenazar?
@Cabify_Mexico GRACIAS!!
No s√© si sea @Uber_MEX @DiDi_Mexico o @Cabify_Mexico  pero el conductor con placas  NB4468 se pas√≥ un alto en reforma y encima nos reclam√≥ por cruzar EN LAS CEBRAS CON EL VERDE PARA EL PEAT√ìN ¬øqu√© les hace pensar que el simple hecho de traer auto les da derecho amenazar?
No s√© si sea @Uber_MEX @DiDi_Mexico o @Cabify_Mexico  pero el conductor con placas  NB4468 se pas√≥ un alto en reforma y encima nos reclam√≥ por cruzar EN LAS CEBRAS CON EL VERDE PARA EL PEAT√ìN ¬øqu√© les hace pensar que el simple hecho de traer auto les da derecho amenazar?
No s√© si sea @Uber_MEX @DiDi_Mexico o @Cabify_Mexico  pero el conductor con placas  NB4468 se pas√≥ un alto en reforma y encima nos reclam√≥ por cruzar EN LAS CEBRAS CON EL VERDE PARA EL PEAT√ìN ¬øqu√© les hace pensar que el simple hecho de traer auto les da derecho amenazar?
Tienes que poner tu queja en @CondusefMX yo tengo un problema parecido pero con @Cabify_Mexico y ni @Zurich ni la aplicaci√≥n se hicieron responsables y me dejaron colgado, en pocas palabras nadie https://t.co/eH4HvdYcaz
@Cabify_Mexico  y como para cuando quedar√≠a? Ya lleva 2 dias as√≠!! https://t.co/a9L3efshVS
@imoveqroo ¬øPor qu√© Uber y no otras plataformas como @Cabify_Mexico, Didi o Beat? Digo, las mismas estrategias de Goldman Sachs (Uber) parecen muy evidentes ü§î
@roberton_gdl @Pabloescuderom @Claudiashein @UniondeTaxis por eso su servicio es reemplazado por @Uber_MEX @DiDi_Mexico @Cabify_Mexico.

@LaSEMOVI hasta cu√°nto se tolerar√° esto?.
@Crazyboyleft @rafagaceves @Uber_MEX @DiDi_Mexico @Cabify_Mexico Buen d√≠a, al presentar tu denuncia, solo debes capturar informaci√≥n en los campos obligatorios marcados con asterisco, saludos.
@imoveqroo ¬øPor qu√© Uber y no otras plataformas como @Cabify_Mexico, Didi o Beat? Digo, las mismas estrategias de Goldman Sachs (Uber) parecen muy evidentes ü§î
@arnemx @andreslajous Lacras basura humana frustrados gente p√©sima.....y se preguntan por que m√°s elegimos @Uber_MEX @Cabify_Mexico @EasyTaxiMexico etc
@Cabify_Mexico Tambi√©n te cancelan las cuentas cuando les dices sus verdad @Rmnescobar eres un incompetente
@Cabify_Mexico Lo peor que se lea ocurri√≥, solo para que sus ch√≥feres hagan fraude cobren en efectivo cuando el cargo es con tarjeta, lleguen otros veh√≠culos y @Rmnescobar demuestre su incompetencia cancelando cuentas en vez de hacer frente a la inseguridad
Solo 18% de los mexicanos usamos apps de movilidad (@Uber_MEX, @DiDi_Mexico, @Cabify_Mexico, @EasyTaxiMexico, #Yaxi...). ¬øCreer√≠an que eran m√°s? 

Esto les interesa üëâüèª https://t.co/7o8gVzzB1r @yamilnares  en @Pajaropolitico https://t.co/qO5xdjVUIA
@Cabify_Mexico Ustedes no entienden mucho de seguridad, les dije lo que me paso y que hicieron cancelar la cuenta del usuario y dejar al conductor as√≠ las barbaridades que hace @Rmnescobar
@Cabify_Mexico Pues no m√°s bien no aguantan nada les dije sus verdades y lo √∫nico que hicieron fue cancelar mi cuenta eso s√≥lo demuestra su grado de ineptitud, pero que podemos esperar si @Rmnescobar No puede dar la cara
@Cabify_Mexico tanto que no te dejan bajar del veh√≠culo hasta que les pagues dos veces y @Rmnescobar cancel tu cuenta para que no digas nada
@Cabify_Mexico Jajajajaja o cancelar cuentas cuando les dicen sus verdades, y demostrar que @Rmnescobar es simplemente un incompetente, que no sabe c√≥mo reaccionar ante una situaci√≥n  de un claro ejemplo de seguridad, pronto otro caso como el de Puebla
@Cabify_Mexico Nefasta su campa√±a mejor mejoren la seguridad, mejoren  el servicio de atenci√≥n a clientes y cambien de director por que @Rmnescobar le queda grande ese puesto
Hola humanos, tomamos el control de la cuenta de Cabify y les vamos a contar c√≥mo nos ha ido cada que viajamos con ellos. Abrimos hilo y nos cuentan si se identifican. Meow! üò∫üíú
#D√≠aDelGato https://t.co/lEaWMdOjCE
@Cabify_Mexico jajajaja es neta su campa√±a del asco, mejor trabajen en la seguridad de su app y en mejorar su servicio desde que @Rmnescobar es director Cabify es un asco
Estoy platicando con Ram√≥n Escobar, Director General de @Cabify_Mexico sobre el lanzamiento de su nueva plataforma multimovilidad #AbriendoLaConversaci√≥n en @Radio_Formula  üì∫üéôÔ∏èüì∞üóûÔ∏èü§ìüöóüöñüõ£Ô∏è
@SORDOANA @azucenau @TlalpanVecinos @DiDi_Mexico @Cabify_Mexico @Uber_MEX Hola buena noche como est√°n yo soy taxista aqu√≠ en #Pachuca y siempre traigo cambio me gusta tratar bien a mis pasajeros les dejo mi n√∫mero de celular es 7712284579 ojala y vengan a Pachuca Hidalgo Saludos.
@azucenau @TlalpanVecinos S
Casi siempre pasa nnca traen cambio y deber√≠an son  tan poco profesionales los taxistas por eso las aplicaciones de @DiDi_Mexico @Cabify_Mexico y @Uber_MEX tienen tanto √©xito .
@Cabify_Mexico es en cerio con la app de easy taxi una aplicaci√≥n para que los taxistas te digan a domicilio que #EseRumboNoLesQueda
@_taxista_regio_ @fabianla69 @SORDOANA @azucenau @TlalpanVecinos @DiDi_Mexico @Cabify_Mexico @Uber_MEX Y con los mismos impuestos el gobierno quer√≠a comprarles sus autos el√©ctricos jajajaja no bueno ..!!
@_taxista_regio_ @fabianla69 @SORDOANA @azucenau @TlalpanVecinos @DiDi_Mexico @Cabify_Mexico @Uber_MEX ü§´ü§´ü§´ü§´üòé te sirve... https://t.co/2xMDkn1THk
@SORDOANA @azucenau @TlalpanVecinos @DiDi_Mexico @Cabify_Mexico @Uber_MEX Hola buena noche como est√°n yo soy taxista aqu√≠ en #Pachuca y siempre traigo cambio me gusta tratar bien a mis pasajeros les dejo mi n√∫mero de celular es 7712284579 ojala y vengan a Pachuca Hidalgo Saludos.
@SORDOANA @azucenau @TlalpanVecinos @DiDi_Mexico @Cabify_Mexico @Uber_MEX Hola buena noche como est√°n yo soy taxista aqu√≠ en #Pachuca y siempre traigo cambio me gusta tratar bien a mis pasajeros les dejo mi n√∫mero de celular es 7712284579 ojala y vengan a Pachuca Hidalgo Saludos.
@LupitaJuarezH @MojicaAg @SSP_CDMX @LaSEMOVI @inveacdmx Por eso mejor @Uber_MEX @Cabify_Mexico
@Cabify_Mexico ped√≠ un viaje, me marca üìû mi conductor para preguntarme a donde voy y me dice "Hijole no voy para all√°‚Äù ???? WTF ni que estuviera pidiendo un taxi en la calle. ü§î
@Uber_MEX hoy hice un viaje en Uber y como su pinch√© conductor no tra√≠a cambio solo le pagamos 50 pesos y dijo que as√≠ lo dej√°ramos y ahora el hijo de su perra madre pone que le pague. Que putas mamadas son esas, por eso es mejor @Cabify_Mexico https://t.co/5Hh0tedjTV
@SORDOANA @azucenau @TlalpanVecinos @DiDi_Mexico @Cabify_Mexico @Uber_MEX Hola buena noche como est√°n yo soy taxista aqu√≠ en #Pachuca y siempre traigo cambio me gusta tratar bien a mis pasajeros les dejo mi n√∫mero de celular es 7712284579 ojala y vengan a Pachuca Hidalgo Saludos.
@SORDOANA @azucenau @TlalpanVecinos @DiDi_Mexico @Cabify_Mexico @Uber_MEX Hola buena noche como est√°n yo soy taxista aqu√≠ en #Pachuca y siempre traigo cambio me gusta tratar bien a mis pasajeros les dejo mi n√∫mero de celular es 7712284579 ojala y vengan a Pachuca Hidalgo Saludos.
@azucenau @TlalpanVecinos S
Casi siempre pasa nnca traen cambio y deber√≠an son  tan poco profesionales los taxistas por eso las aplicaciones de @DiDi_Mexico @Cabify_Mexico y @Uber_MEX tienen tanto √©xito .
@azucenau @TlalpanVecinos Luego andan todos enojados y preguntando, porqu√© preferimos los servicios de @Uber_MEX @DiDi_Mexico @Cabify_Mexico
Por actitudes como esta y el miedo que me dar√≠a que por enojarse me secuestraran o violen,  @SCT_mx son el porque preferimos @Uber_MEX @TheBEAT_MX @DiDi_Mexico @EasyTaxiMexico o @Cabify_Mexico servicios que hasta cierto punto son m√°s seguros... https://t.co/EJdoaTUmYQ
@_taxista_regio_ @SORDOANA @azucenau @TlalpanVecinos @DiDi_Mexico @Cabify_Mexico @Uber_MEX Si pagan impuestos defensor de ga√±anes.
@azucenau @TlalpanVecinos Por eso existen @Uber_MEX  @Cabify_Mexico  @DiDi_Mexico  ...
@azucenau @TlalpanVecinos Luego por que preferimos @Cabify_Mexico 

Taxistas Malparidos
@TlalpanVecinos Es lamentable el servicio de estos taxistas: parecen vandalos, groseros, sucios y sus taxis mugrosas carcachas... y todavia protestan contra @Uber_MEX , didi y @Cabify_Mexico... se pasan.
Por eso... @Uber_MEX o @Cabify_Mexico https://t.co/K50v9satUZ
@azucenau @TlalpanVecinos S
Casi siempre pasa nnca traen cambio y deber√≠an son  tan poco profesionales los taxistas por eso las aplicaciones de @DiDi_Mexico @Cabify_Mexico y @Uber_MEX tienen tanto √©xito .
@Cabify_Mexico por qu√© todos sus choferes me est√°n cancelando el viaje ? Todos ? https://t.co/B7YqnJrIhN
@Cabify_Mexico 5 choferes me han cancelado el viaje. Que pasa?
@Cabify_Mexico est√°n cancelando todos los viajes, que pasa?
@Cabify_Mexico S√≠, es 17656985.
Oye @Cabify_Mexico ¬øAhora qu√© pas√≥? ¬°Ayuda! https://t.co/F6MJpz6axv
Chinga a tu madre @Cabify_Mexico, una hora esperando en polanco...
¬øD√≥nde est√° el beneficio de dejar el coche en casa?
@dmmm010790 @Cabify_Mexico @EasyTaxiMexico @Rmnescobar No es para tanto.  Ahora tengo que pedir mis facturas, nada m√°s.   Al pedir un servicio seleccionar "Lite" en ves de "Economy" y todo sigue ch√©vere.
@fcortes_ @Cabify_Mexico A mi me pasaba igual con uber pero ya me fije en uno de las configuraciones y si se pasa del precio que ya hab√≠a puesto me lo reembolso porque hay unos bien encajosos que hasta te dan m√°s vueltas para cobrar mas
Con @Cabify_Mexico puedes pedir tu #economi tu #lite o el nuevo @supereconomi https://t.co/SIsHpif69a
Las ciudades inteligentes no est√°n en el futuro, est√°n en las #DecisionesInteligentes de los ciudadanos. Por eso, ahora encuentras a @EasyTaxiMexico a nuestra app https://t.co/5qtkVkjB0N https://t.co/hORpUEgQuM
@vampipe @LaSEMOVI @Pajaropolitico Bienvenidas las estrategias de movilidad (como la de @Cabify_Mexico), que no denosten en redes a los gremios locales de particulares asociados y no estrategias como la de Uber (Goldman Sachs üá∫üá∏) que a donde vaya, repudia las leyes de la casa. Ver https://t.co/Mz7Fawldt3
@Cabify_Mexico Este el est√°ndar de limpieza de sus coches? https://t.co/jXsNbtN4mq
@Cabify_Mexico Ya lo hice! ¬øQu√© con sus conductores? El individuo sigue sin cancelarlo... #yaespersonal ‚òùüèªüëäüèª https://t.co/0dDDulj7Fb
@Cabify_Mexico este sujeto acaba de aceptar mi viaje pero no se mueve del lugar y tampoco me contesta ¬øqu√© procede? https://t.co/1kmPLDHEI0
@solange_ @mausmeza @Uber_MEX a mi cobraron peaje por un viaje sobre rio san joaquin, estan robando o sus microrobos pero @Profeco creo que no hace nada o no se conq uien se ve esto @Cabify_Mexico @TheBEAT_Mex @PGJDF_CDMX
@AnaGallardoC @Uber_MEX que aplica @Profeco ? con estos rateros y van mas usuarios afectados mejor @Cabify_Mexico o @TheBEAT_Mex se ve que no andan inventando robos
@MujeryMovilidad Deber√≠an haber taxis, Uber y dem√°s empresas, con conductoras ( rosas)
@Uber_MEX @Cabify_Mexico @inDriver @EasyTaxiMexico
@danie_gc @Cabify_Mexico Solo hay q mencionarlo y le damos con todo!
Y... ¬øporqu√© sucede esto? Simple, porque en varias ciudades, alg√∫n gobernador (o ex gobernador, presidente municipal, regidor, etc) es due√±o de las flotillas de taxis, y pues si entra @Uber_MEX / @DiDi_Mexico / @Cabify_Mexico / @TheBEAT_MX / @BoltMxGRATIS se acaba el negocio. https://t.co/2Vl0mBmUIv
Mi entrevista con @Rmnescobar CEO de @Cabify_Mexico https://t.co/GuvnYvr0hT v√≠a @El_Universal_Mx
@Marcos_SEM @Cabify_Mexico Por que su nuevo director @Rmnescobar es un mediocre
@MercenarioTIC @Cabify_Mexico @EasyTaxiMexico Y las cosas con el mediocre dd @Rmnescobar se pondr√°n peor
@JesusCCruz @Cabify_Mexico Si, paso que su nuevo director @Rmnescobar es un completo mediocre, incompetente, y que le qued√≥ grande el puesto, a mi me cancel√≥ la cuenta por que su conductor me cobro en efectivo cuando mi cobro era con tarjeta, ATC s√≥lo dijo es problema tuyo, como diciendo no nos importa
@LKpuccino @Cabify_Mexico Por que al nuevo director @Rmnescobar le queda grande el puesto y cuidado por que es super mediocre en vez de solucionar cancela cuentas, la m√≠a la cancelaron por que le dije sus verdades, no les gusta la palabra incompetente, ni ning√∫n adjetivo negativo
@MJCruzSandoval @Cabify_Mexico ¬°Cuidado! un conductor no me dejo bajar de la unidad hasta que hiciera un pago en efectivo cuando mi pago era con tarjeta, y lo √∫nico que hizo el mediocre de su director @Rmnescobar fue cancelar mi cuenta, si est√°s en CDMX creo que ya hay mejores opciones
@Cabify_Mexico @israelperal @MIGUELPALLARES @Rmnescobar @El_Universal_Mx Tanto que yo lo perzonalice para que tu conductor me tuviera retenido para hacerle un pago en efectivo cuando el m√≠o era con tarjeta @Rmnescobar aun que te duela te qued√≥ grande el puesto cancelar mi cuenta s√≥lo demuestra tu mediocridad y tu falta de atenci√≥n a cliente
@israelperal @MIGUELPALLARES @Rmnescobar @Cabify_Mexico @El_Universal_Mx Que esperas de un director que tiene dos dedos de frente como @Rmnescobar a mi me cobraron en efectivo, mi cobro era con tarjeta, y lo √∫nico que dijeron es que la seguridad es mi responsabilidad y cancelaron mi cuenta, asi de orgullosos est√°n #fueraramon
@josueglzg @Cabify_Mexico Con las  nuevas medidas que el incompetente de @Rmnescobar esta tomando en un futuro seguro ni el nombre ser√° necesario
@mcmm684 @Cabify_Mexico Todo esto pasa cuando tienes un director como @Rmnescobar que le queda grande el puesto, y no se lo digas por que te cancela la cuenta, a mi su conductor me tuvo secuestrado hasta que no pague en efectivo, mi cobro era con tarjeta, y lo √∫nico que me dijeron fue es tu culpa
@Cabify_Mexico @Pevelf Cambiando de director @Rmnescobar eres un in√∫til, tengo semas esperando quedes la cara y das la instrucci√≥n de cancelar mi cuenta, eso s√≥lo habla de la incompetencia y el pesimo servicio que tienes, pero eso s√≠ como podamos para las revistas de sociales, vas en picada
@Pevelf @Cabify_Mexico Todo esto paso desde que el in√∫til de @Rmnescobar tom√≥ la direcci√≥n en verdad le qued√≥ muy grande el puesto a mi me cancelaron la cuenta despu√©s que su conductor me cobro en efectivo para dejarme bajar, mi cobro era con tarjeta, en verdad su director es nefasto
@MateriiaGris @Cabify_Mexico ¬°Cuidado! mejor usa otra plataforma, nuestra seguridad no les importa, un conductor no me dejo bajar hasta que le pagara en efectivo cuando el cobro era co  tarjeta y @Rmnescobar lo √∫nico que hizo fue cancelar mi cuenta cuando me queje, en verdad super incompetentes
@Cabify_Mexico @Cabify_Mexico ustedes habaldo de responsabilidad si cuando me queje que socio conductor no me dejo bajar del veh√≠culo hasta que le pagara en efectivo cuando el cobro era con tarjeta, ¬øQu√© hizo el incompetente de @Rmnescobar ? cancelar mi cuenta eso no es ser responsable.
@UberEats_mex @DieAlfaro Para que quieres que lo haga si ya te los dijo en la captura de pantalla, estas igual que el incompetente de @Rmnescobar director de @Cabify_Mexico deber√≠an de fusionarse dan el mismo servicio.
@Cabify_Mexico seg√∫n ped√≠ un viaje en Brasil y yo estoy en M√©xico, obvio yo no lo ped√≠, la app no me da opci√≥n de cancelar el viaje ni reportarlo porque est√° en curso https://t.co/ivEyTwMQy0
@Cabify_Mexico  me siguen pidiendo pin, para poder pagar con tarjeta pero mi pin no aparece para poder ingresarlo, podrian decirme donde esta? O que hacer?
Es en serio @Cabify_Mexico neta su te la mamas con tus "altas demandas"!! Eres una real mamada! De por s√≠ ya tus viajes son los m√°s pinches baratos, ahora, a eso s√∫male la lejan√≠a donde se encuentran los usuarios y tus pinches altas demandas honestamente rid√≠culas, setenta cntvs! https://t.co/cznqyERXUK
@mcmm684 @Cabify_Mexico ¬°Muy buena idea! De hecho @Cabify_Mexico  podr√≠a a√±adir una opci√≥n donde el cliente elije si requiere TAG. Ustedes podr√≠an compartir estad√≠sticas con sus choferes para que vean que los ch√≥feres con Tag tienen m√°s clientes y ganan m√°s por hora trabajada (m√°s km en menos tiempo).
@Cabify_Mexico me hicieron un cobro indebido y no contestan, ya contact√© a su √°rea de atenci√≥n y nada.
üìπ | De acuerdo con #socios de aplicaciones, en la actualidad toda persona puede pertenecer al servicio de #taxis privados como @Uber, @Cabify_Mexico y @DiDi_Mexico ya que son laxos los filtros para la elecci√≥n de #conductores. üöó   https://t.co/kEhkZmE7wQ
Wey de un tiempo para ac√° me han tocado puro conductor del nabo en @Cabify_Mexico por lo pronto e de hoy maneja como si tuviera un putero de prisa
@Alex_A_Ju @Cabify_Mexico @Uber_MEX @Cabify_Mexico @DiDi_Mexico tienen mucho mercado que necesita la opci√≥n de llevar a tu mascota, en la app, deber√≠a tener la opci√≥n desde el inicio. üòâ
@Alex_A_Ju @Cabify_Mexico Ya no he visto, en cuanto te asignan, conducyle tienes q preguntar si no tiene problema en que uno de sus pasajeros y el m√°s importante sea tu perringo‚ù§Ô∏è
@Cabify_Mexico muy mal servicio el conductor se detuvo y mitad del viaje para cargar gasolina, no traia tag y nunca lo notifico solo hasta que empezo el viaje. Esto ha pasado en los ultimos 2 viajes.  ‚òπ‚òπ. El servicio no esta enfocado a empresas.
Al usar apps como @Uber_MEX, @Cabify_Mexico o @DiDi_Mexico recuerden verificar todos los datos que proporcionan las app de los veh√≠culos y conductores. Hay que estar alertas en todo momento. @WallaceIsabel @NTelevisa_com
https://t.co/FFThRf9wK8
@Cabify_Mexico podr√≠an ayudarme, este conductor inico el viaje sin siquiera recogerme y se niega a cancelar dicho viaje. https://t.co/YfDLGCUhoD
Ha llegado a tu timeline el mensaje de responsabilidad del t√≠o Cabify.

Haz RT para que t√∫ y tus amigos lleguen seguros de la fiesta a su casa. üç∫‚ùóüíú

#D√≠aInternacionalDeLaCerveza #CabifyContigo https://t.co/3XZNnll8Fl
#ATENCION aqu√≠ @JonathanOnat22 dice por aqu√≠ por que @DiDi_Mexico y @Cabify_Mexico trabajan de manera irregular en #Puebla üëáüëá #Puebla @FuerzaIndepMX

El cobro en efectivo solo es para @Uber: Collantes https://t.co/OvnrlXqwRM
@Suzu_LaPajarita Mi duda es... Si vas a verificar debes decir soy @uber o @didi o @Cabify_Mexico ??
#Ent√©rate : Estudio se√±ala que los mexicanos prefieren utilizar aplicaciones como @Uber_MEX , @Cabify_Mexico o @DiDi_Mexico para trasladarse. 
https://t.co/6DhyYKtUsJ https://t.co/3a08MwlB1Y
#ATENCION en #Puebla  las empresas @DiDi_Mexico y @Cabify_Mexico #NO pueden cobrar en #efectivo los servicios, el amparo s√≥lo es para @Uber_MEX as√≠ lo dice el diputado @JonathanOnat22  que opinan? @CongresoPue @FuerzaIndepMX @MgBranding https://t.co/e8SszeFnzA
@Cabify_Mexico Mandaron un form de actualizaci√≥n, ingres√© mis datos pero en ning√∫n momento me pidi√≥ las placas del autom√≥vil. ¬øno era necesario? https://t.co/BHKhMifWcM
@grisasexual Para que termine siendo Armor-All, siendo yo @Cabify_Mexico preferir√≠a banearlas de la plataforma
Que @Cabify_Mexico haya comprado @EasyTaxiMexico es de lo peor del a√±o üòì
Los panteras siguen operando, etc. Pero @Cabify_Mexico @Uber_MEX y transportes alternativos que si est√°n ordenados, ah√≠ hay que pegar y sacar dinero. Que triste es M√©xico!!
@LSergh @clubpremier_mx @Grupo_Hidrosina @TiendaSoriana @Cabify_Mexico Por ejemplo su p√°gina vale para pura madre, no sirve puros errores club premier
@LSergh @clubpremier_mx @Grupo_Hidrosina @TiendaSoriana @Cabify_Mexico La gente de alianzas comerciales yo creo que no est√° haciendo bien su chamba.
@LSergh @clubpremier_mx @Grupo_Hidrosina @TiendaSoriana @Cabify_Mexico Tambi√©n se les fue @LaEuropeaMexico  @Cinepolis  y @OfficeMax_mx sin duda van en picada como el pais con #AMLO
@Chektor_ @23banano @Cabify_Mexico Hola, √Ångel. Te pedimos nos env√≠es un DM para brindarte asistencia personalizada para resolver tu caso. ‚úåÔ∏è
Mis queridos seguidores, les paso un bonito c√≥digo de @Cabify_Mexico por si ocupan üßê 

gastonolim1 https://t.co/gu24p7f3UI
@clubpremier_mx primero fue @Grupo_Hidrosina  despu√©s @TiendaSoriana y ahora @Cabify_Mexico est√°s acabando con todos los convenios que me interesaban y que eran de uso frecuente! Necesitan mejorar urgentemente
Y me dijo que todo esto aplica con @TheBEAT_MX, @Cabify_Mexico, @DiDi_Mexico, @bolt, @Uber_MEX, @Picapco y todos los servicios de #transporte.
Mi entrevista con @Rmnescobar CEO de @Cabify_Mexico https://t.co/GuvnYvr0hT v√≠a @El_Universal_Mx
Mi entrevista con @Rmnescobar CEO de @Cabify_Mexico https://t.co/GuvnYvr0hT v√≠a @El_Universal_Mx
@ferrojasmont @MIGUELPALLARES @EasyTaxiMexico @Rmnescobar @Cabify_Mexico @El_Universal_Mx Yo los he quemado en redes sociales y no han echo nada por atender el caso, cierto me inhabilitaron la cuenta, as√≠ es su servicio ejecutivo desde que Ram√≥n tom√≥ la direcci√≥n
@EasyTaxiMexico @Cabify_Mexico ¬°Kemoci√≥n! https://t.co/uIZHTwA3aq
@Cabify_Mexico @EasyTaxiMexico ¬°Gracias!
Mi entrevista con @Rmnescobar CEO de @Cabify_Mexico https://t.co/GuvnYvr0hT v√≠a @El_Universal_Mx
